{"panda": {"perception": {"general": {"audio_vision": 26.5203265993266, "vision_audio": 25.260824915824916, "vision_text": 25.258824915824917, "text_vision": 25.069824915824917, "text_audio": 25.401525252525254, "audio_text": 25.031824915824917}, "finegrained": {"audio_vision": 27.36672727272727, "vision_audio": 28.805528619528616, "vision_text": 28.698528619528616, "text_vision": 28.676528619528614, "text_audio": 29.654929292929292, "audio_text": 28.802528619528616}, "instruments": {"audio_vision": 24.892124579124577, "vision_audio": 24.51912457912458, "vision_text": 24.90312457912458, "text_vision": 24.518124579124578, "text_audio": 24.765124579124578, "audio_text": 24.29642424242424}, "instruments_comp": {"audio_vision": 20.148319865319866, "vision_audio": 19.853319865319865, "vision_text": 20.049319865319866, "text_vision": 20.185319865319865, "text_audio": 20.080319865319865, "audio_text": 19.986319865319864}, "natures": {"audio_vision": 24.627424242424244, "vision_audio": 24.501424242424243, "vision_text": 24.63942424242424, "text_vision": 24.222424242424243, "text_audio": 24.25042424242424, "audio_text": 24.48542424242424}}, "spatial": {"arrangements": {"audio_vision": 27.223026936026933, "vision_audio": 27.162026936026933, "vision_text": 21.190121212121213, "text_vision": 27.006026936026934, "text_audio": 27.056026936026935, "audio_text": 25.418525252525253}, "3D_movements": {"audio_vision": 25.62722558922559, "vision_audio": 25.530225589225587, "vision_text": 25.71522558922559, "text_vision": 25.951225589225587, "text_audio": 25.57522558922559, "audio_text": 25.623225589225587}, "panaroma": {"audio_vision": 26.910326599326602, "vision_audio": 24.56512457912458, "vision_text": 22.34122222222222, "text_vision": 28.57282828282828, "text_audio": 25.273824915824918, "audio_text": 25.44052525252525}}, "speech": {"recognition": {"audio_vision": 22.383222222222223, "vision_audio": 22.551222222222222, "vision_text": 33.96403367003367, "text_vision": 22.098521885521887, "text_audio": 22.063521885521887, "audio_text": 27.123026936026935}, "translation": {"audio_vision": 22.234222222222222, "vision_audio": 22.40222222222222, "vision_text": 32.67023232323233, "text_vision": 24.96412457912458, "text_audio": 18.88251851851852, "audio_text": 28.825528619528615}}, "temporal": {"count": {"audio_vision": 22.60492255892256, "vision_audio": 22.77392255892256, "vision_text": 22.94192255892256, "text_vision": 22.77292255892256, "text_audio": 22.80892255892256, "audio_text": 16.771016835016837}, "calculation": {"audio_vision": 27.31372727272727, "vision_audio": 24.585124579124578, "vision_text": 23.37332323232323, "text_vision": 29.022228956228957, "text_audio": 25.80222558922559, "audio_text": 23.168622895622896}, "order": {"audio_vision": 26.058925925925923, "vision_audio": 26.102925925925923, "vision_text": 25.50822558922559, "text_vision": 26.308925925925923, "text_audio": 25.722225589225587, "audio_text": 25.850925925925925}}, "external": {"music_genre_classification": {"audio_vision": 25.743225589225588, "vision_audio": 23.929723905723908, "vision_text": 26.315925925925924, "text_vision": 24.633124579124576, "text_audio": 22.114521885521885, "audio_text": 25.766225589225588}, "emotion_classification": {"audio_vision": 28.23412794612795, "vision_audio": 27.986127946127947, "vision_text": 0.204, "text_vision": 0.039, "text_audio": 0.202, "audio_text": 28.032127946127947}, "movie_matching": {"audio_vision": 24.49, "vision_audio": 24.576, "vision_text": 21.074, "text_vision": 24.637, "text_audio": 25.182, "audio_text": 21.316}, "singer_identification": {"audio_vision": 21.423333333333336, "vision_audio": 21.294333333333334, "vision_text": 20.39, "text_vision": 21.398333333333337, "text_audio": 0.373, "audio_text": 0.242}}}}