{"gemini-1.5-pro": {"perception": {"general": {"audio_vision_text": 96.17359595959596}, "finegrained": {"audio_vision_text": 94.71579461279461}, "instruments": {"audio_vision_text": 98.24249831649831}, "instruments_comp": {"audio_vision_text": 99.87929966329966}, "natures": {"audio_vision_text": 86.47628619528619}}, "spatial": {"arrangements": {"audio_vision_text": 95.91889562289563}, "3D_movements": {"audio_vision_text": 80.56638047138047}, "panaroma": {"audio_vision_text": 28.47782828282828}}, "speech": {"recognition": {"audio_vision_text": 95.14249494949495}, "translation": {"audio_vision_text": 96.93969696969697}}, "temporal": {"count": {"audio_vision_text": 16.46635616438356}, "calculation": {"audio_vision_text": 25.900068965517242}, "order": {}}, "external": {"music_genre_classification": {"audio_vision_text": 91.42179124579124}, "emotion_classification": {"audio_vision_text": 68.12146801346802}, "movie_matching": {"audio_vision_text": 95.102}, "singer_identification": {"audio_vision_text": 90.71566666666666}}}, "gemini-2.0-flash": {"perception": {"general": {"vision_text": 96.955, "audio_text": 81.34400000000001, "audio_vision_text": 99.10289898989899}, "finegrained": {"vision_text": 90.225, "audio_text": 62.116516379094776, "audio_vision_text": 96.94069696969697}, "instruments": {"vision_text": 96.808, "audio_text": 47.401047047047044, "audio_vision_text": 97.66109764309765}, "instruments_comp": {"vision_text": 98.39200000000001, "audio_text": 40.03, "audio_vision_text": 97.94909764309764}, "natures": {"vision_text": 84.723, "audio_text": 54.357, "audio_vision_text": 95.19949494949495}}, "spatial": {"arrangements": {"vision_text": 89.450311827957, "audio_text": 28.98020430107527, "audio_vision_text": 86.45428619528619}, "3D_movements": {"vision_text": 99.35468172888017, "audio_text": 82.89519842829077, "audio_vision_text": 60.09065993265994}, "panaroma": {"vision_text": 60.91749367088608, "audio_text": 24.2005641025641, "audio_vision_text": 28.560528619528615}}, "speech": {"recognition": {"vision_text": 96.36357142857143, "audio_text": 93.09814285714286, "audio_vision_text": 94.08339393939394}, "translation": {"vision_text": 97.05099715099716, "audio_text": 97.30244729344729, "audio_vision_text": 99.70759932659934}}, "temporal": {"count": {"vision_text": 57.88121063394683, "audio_text": 52.973, "audio_vision_text": 16.275444444444446}, "calculation": {"vision_text": 59.020705521472394, "audio_text": 59.282, "audio_vision_text": 37.274551724137936}, "order": {"vision_text": 99.58500000000001, "audio_text": 43.618}}, "external": {"music_genre_classification": {"vision_text": 87.754, "audio_text": 83.637, "audio_vision_text": 94.73879461279462}, "emotion_classification": {"vision_text": 57.08528571428572, "audio_text": 60.61042857142858, "audio_vision_text": 76.21218644067797}, "movie_matching": {"vision_text": 94.908, "audio_text": 88.098, "audio_vision_text": 99.107}, "singer_identification": {"vision_text": 100.124, "audio_text": 72.067, "audio_vision_text": 98.103}}}, "gemini-2.5-flash": {"perception": {"general": {"vision_text": 98.59879499596448, "audio_text": 81.023}, "finegrained": {"vision_text": 96.832, "audio_text": 49.916}, "instruments": {"vision_text": 90.27939306358381, "audio_text": 45.85072701949861}, "instruments_comp": {"vision_text": 97.29063312368973, "audio_text": 35.17854108216433}, "natures": {"vision_text": 92.64000000000001, "audio_text": 51.07606451612904}}, "spatial": {"arrangements": {"vision_text": 91.30184946236558, "audio_text": 27.80688172043011}, "3D_movements": {"vision_text": 84.41766970387245, "audio_text": 83.80841176470588}, "panaroma": {"vision_text": 74.63274254742548, "audio_text": 25.81902564102564}}, "speech": {"recognition": {"vision_text": 99.53876190476191, "audio_text": 94.37061904761904}, "translation": {"vision_text": 96.66397289586304, "audio_text": 97.68889743589743}}, "temporal": {"count": {"vision_text": 53.364233128834364, "audio_text": 49.616}, "calculation": {"vision_text": 71.29451219512195, "audio_text": 55.58200000000001}, "order": {"vision_text": 99.441, "audio_text": 41.729}}, "external": {"music_genre_classification": {"vision_text": 86.46320930232558, "audio_text": 83.74478378378379}, "emotion_classification": {"vision_text": 57.47185714285714, "audio_text": 61.08614285714285}, "movie_matching": {"vision_text": 98.185, "audio_text": 93.325}, "singer_identification": {"vision_text": 93.6942937062937, "audio_text": 69.51651677852348}}}, "gemini-2.5-pro": {"perception": {"general": {"vision_text": 98.57012261580381, "audio_text": 100.129, "audio_vision_text": 99.10489898989898}, "finegrained": {"vision_text": 97.833, "audio_text": 71.5555421686747, "audio_vision_text": 98.02609764309764}, "instruments": {"vision_text": 97.27238877755511, "audio_text": 100.381, "audio_vision_text": 98.69519865319864}, "instruments_comp": {"vision_text": 99.913, "audio_text": 44.00117635270541, "audio_vision_text": 99.82429966329967}, "natures": {"vision_text": 95.218, "audio_text": 67.186, "audio_vision_text": 97.6933973063973}}, "spatial": {"arrangements": {"vision_text": 95.2832676056338, "audio_text": 28.729204301075267, "audio_vision_text": 95.87689562289563}, "3D_movements": {"vision_text": 85.20127272727274, "audio_text": 69.72175510204082, "audio_vision_text": 85.17948484848485}, "panaroma": {"vision_text": 84.85896202531646, "audio_text": 25.08279487179487, "audio_vision_text": 21.51012121212121}}, "speech": {"recognition": {"vision_text": 99.81660371517027, "audio_text": 97.35294020926756, "audio_vision_text": 95.62219528619528}, "translation": {"vision_text": 100.143, "audio_text": 96.80219658119658, "audio_vision_text": 98.93189898989898}}, "temporal": {"count": {"vision_text": 40.48571014492754, "audio_text": 57.43034108527132}, "calculation": {"vision_text": 71.47390554414785, "audio_text": 75.77639751552795}, "order": {"vision_text": 99.77799999999999, "audio_text": 96.4537389558233}}, "external": {"music_genre_classification": {"vision_text": 89.17152198421647, "audio_text": 83.37828328328328, "audio_vision_text": 91.85149158249159}, "emotion_classification": {"vision_text": 74.67105007153076, "audio_text": 61.07114285714285, "audio_vision_text": 77.4433771043771}, "movie_matching": {"vision_text": 96.43170050761421, "audio_text": 93.261, "audio_vision_text": 97.51}, "singer_identification": {"vision_text": 100.332, "audio_text": 94.62166666666667, "audio_vision_text": 99.33733333333333}}}}