{"gemini-2.5-flash": {"perception": {"general": {"audio_vision": 67.4, "vision_audio": 82.1, "vision_text": 97.19859929964983, "text_vision": 98.84942471235618, "text_audio": 79.80000000000001, "audio_text": 81.0}, "finegrained": {"audio_vision": 51.98799699924981, "vision_audio": 66.5666416604151, "vision_text": 89.95, "text_vision": 91.45, "text_audio": 60.34008502125532, "audio_text": 62.575}, "instruments": {"audio_vision": 32.300000000000004, "vision_audio": 37.9, "vision_text": 96.7, "text_vision": 96.5, "text_audio": 37.9, "audio_text": 46.74674674674675}, "instruments_comp": {"audio_vision": 25.4, "vision_audio": 30.599999999999998, "vision_text": 98.2, "text_vision": 95.6, "text_audio": 37.6, "audio_text": 38.2}, "natures": {"audio_vision": 50.0, "vision_audio": 51.800000000000004, "vision_text": 84.0, "text_vision": 80.60000000000001, "text_audio": 54.0, "audio_text": 55.60000000000001}}, "spatial": {"arrangements": {"audio_vision": 26.451612903225808, "vision_audio": 25.806451612903224, "vision_text": 89.03225806451613, "text_vision": 69.6774193548387, "text_audio": 27.09677419354839, "audio_text": 27.526881720430108}, "3D_movements": {"audio_vision": 69.54813359528488, "vision_audio": 46.16895874263262, "vision_text": 99.21414538310412, "text_vision": 67.19056974459725, "text_audio": 39.6078431372549, "audio_text": 83.52941176470588}, "panaroma": {"audio_vision": 34.87179487179487, "vision_audio": 23.79746835443038, "vision_text": 62.278481012658226, "text_vision": 33.589743589743584, "text_audio": 20.506329113924053, "audio_text": 23.846153846153847}}, "speech": {"recognition": {"audio_vision": 68.00595238095238, "vision_audio": 67.55952380952381, "vision_text": 96.42857142857143, "text_vision": 72.87630402384501, "text_audio": 68.00595238095238, "audio_text": 94.04761904761905}, "translation": {"audio_vision": 67.66381766381767, "vision_audio": 72.93447293447294, "vision_text": 96.71897289586305, "text_vision": 67.23646723646723, "text_audio": 81.33903133903134, "audio_text": 97.43589743589743}}, "temporal": {"count": {"audio_vision": 31.873479318734795, "vision_audio": 26.58486707566462, "vision_text": 53.37423312883436, "text_vision": 32.360097323600975, "text_audio": 29.4, "audio_text": 49.6}, "calculation": {"audio_vision": 26.879271070615037, "vision_audio": 24.130879345603272, "vision_text": 58.282208588957054, "text_vision": 25.512528473804103, "text_audio": 27.0, "audio_text": 55.400000000000006}, "order": {"audio_vision": 33.2, "vision_audio": 34.599999999999994, "vision_text": 99.2, "text_vision": 81.0, "text_audio": 61.0, "audio_text": 41.4}}, "external": {"music_genre_classification": {"audio_vision": 63.36336336336337, "vision_audio": 67.33466933867736, "vision_text": 87.3, "text_vision": 85.0, "text_audio": 78.55711422845691, "audio_text": 83.78378378378379}, "emotion_classification": {"audio_vision": 36.0, "vision_audio": 43.42857142857143, "vision_text": 57.14285714285714, "text_vision": 60.14285714285714, "text_audio": 54.42857142857142, "audio_text": 60.857142857142854}, "movie_matching": {"audio_vision": 85.0, "vision_audio": 84.5, "vision_text": 96.5, "text_vision": 97.5, "text_audio": 83.0, "audio_text": 89.5}, "singer_identification": {"audio_vision": 56.00000000000001, "vision_audio": 42.0, "vision_text": 100.0, "text_vision": 96.66666666666667, "text_audio": 50.0, "audio_text": 71.33333333333334}}}, "gemini-2.0-pro": {"perception": {"general": {"audio_vision": 68.0, "vision_audio": 81.89999999999999, "vision_text": 97.35000000000001, "text_vision": 98.74937468734367, "text_audio": 80.25, "audio_text": 80.9}, "finegrained": {"audio_vision": 51.824999999999996, "vision_audio": 66.41660415103776, "vision_text": 90.075, "text_vision": 91.525, "text_audio": 60.39009752438109, "audio_text": 62.275000000000006}, "instruments": {"audio_vision": 32.300000000000004, "vision_audio": 39.300000000000004, "vision_text": 96.7, "text_vision": 96.6, "text_audio": 38.7, "audio_text": 46.646646646646644}, "instruments_comp": {"audio_vision": 25.0, "vision_audio": 33.0, "vision_text": 98.8, "text_vision": 95.6, "text_audio": 36.4, "audio_text": 40.6}, "natures": {"audio_vision": 50.8, "vision_audio": 50.2, "vision_text": 83.6, "text_vision": 81.0, "text_audio": 55.2, "audio_text": 54.800000000000004}}, "spatial": {"arrangements": {"audio_vision": 25.376344086021508, "vision_audio": 26.451612903225808, "vision_text": 89.46236559139786, "text_vision": 67.52688172043011, "text_audio": 27.09677419354839, "audio_text": 28.387096774193548}, "3D_movements": {"audio_vision": 67.38703339882122, "vision_audio": 49.312377210216106, "vision_text": 98.82121807465619, "text_vision": 67.97642436149313, "text_audio": 38.62745098039216, "audio_text": 83.1041257367387}, "panaroma": {"audio_vision": 34.61538461538461, "vision_audio": 24.81012658227848, "vision_text": 61.77215189873417, "text_vision": 33.84615384615385, "text_audio": 22.278481012658226, "audio_text": 24.102564102564102}}, "speech": {"recognition": {"audio_vision": 68.30357142857143, "vision_audio": 66.96428571428571, "vision_text": 96.72619047619048, "text_vision": 72.61904761904762, "text_audio": 68.45238095238095, "audio_text": 94.64285714285714}, "translation": {"audio_vision": 68.37606837606837, "vision_audio": 72.79202279202279, "vision_text": 96.43874643874643, "text_vision": 66.8091168091168, "text_audio": 80.91168091168092, "audio_text": 97.15099715099716}}, "temporal": {"count": {"audio_vision": 31.630170316301705, "vision_audio": 25.766871165644172, "vision_text": 54.19222903885481, "text_vision": 30.656934306569344, "text_audio": 30.0, "audio_text": 51.2}, "calculation": {"audio_vision": 27.5626423690205, "vision_audio": 25.562372188139058, "vision_text": 56.23721881390593, "text_vision": 24.145785876993166, "text_audio": 25.4, "audio_text": 56.00000000000001}, "order": {"audio_vision": 33.4, "vision_audio": 35.4, "vision_text": 99.0, "text_vision": 80.0, "text_audio": 61.6, "audio_text": 39.4}}, "external": {"music_genre_classification": {"audio_vision": 63.1, "vision_audio": 66.03206412825652, "vision_text": 87.5, "text_vision": 84.7, "text_audio": 78.85771543086172, "audio_text": 83.7}, "emotion_classification": {"audio_vision": 36.0, "vision_audio": 43.0, "vision_text": 56.57142857142857, "text_vision": 60.0, "text_audio": 55.285714285714285, "audio_text": 60.57142857142858}, "movie_matching": {"audio_vision": 85.5, "vision_audio": 79.5, "vision_text": 96.5, "text_vision": 98.0, "text_audio": 83.0, "audio_text": 90.5}, "singer_identification": {"audio_vision": 56.00000000000001, "vision_audio": 40.0, "vision_text": 100.0, "text_vision": 96.66666666666667, "text_audio": 50.0, "audio_text": 71.33333333333334}}}, "gemini-2.5-pro": {"perception": {"general": {"audio_vision": 67.28364182091046, "vision_audio": 81.8, "vision_text": 96.94847423711856, "text_vision": 98.9, "text_audio": 79.95, "audio_text": 81.05}, "finegrained": {"audio_vision": 51.83795948987247, "vision_audio": 66.3, "vision_text": 90.125, "text_vision": 91.4, "text_audio": 60.56514128532133, "audio_text": 62.0}, "instruments": {"audio_vision": 31.900000000000002, "vision_audio": 38.6, "vision_text": 96.7, "text_vision": 97.0, "text_audio": 38.800000000000004, "audio_text": 47.74774774774775}, "instruments_comp": {"audio_vision": 25.0, "vision_audio": 32.4, "vision_text": 98.0, "text_vision": 95.39999999999999, "text_audio": 35.0, "audio_text": 38.2}, "natures": {"audio_vision": 49.6, "vision_audio": 51.0, "vision_text": 84.2, "text_vision": 81.2, "text_audio": 53.6, "audio_text": 55.2}}, "spatial": {"arrangements": {"audio_vision": 26.021505376344084, "vision_audio": 25.161290322580644, "vision_text": 89.89247311827957, "text_vision": 67.95698924731182, "text_audio": 25.591397849462368, "audio_text": 28.602150537634408}, "3D_movements": {"audio_vision": 67.77996070726915, "vision_audio": 49.115913555992144, "vision_text": 99.01768172888016, "text_vision": 67.38703339882122, "text_audio": 39.01960784313726,